siteID,Latitude_degrees,Longitude_degrees,Soil_order,Soil_greatgroup,NLCD_class,forest_vs_non,Grazing_present,Prescribed_fire,horizonName,carbonTot_g_kg,nitrogenTot_g_kg,estimatedOC_g_kg,OC_N_ratio,carbon_after_HF_g_kg,Nitrogen_after_HF_g_kg,DithioniteFe_g_kg,OxalateFe_g_kg,Oxalate_Al_mg_g_ICP,Oxalate_Fe_mg_g_ICP,Ca_Na2SO4_mg_g,Mg_Na2SO4_mg_g,Ca_Na2SO4_umol_g,Mg_Na2SO4_umol_g,Ca_plus_Mg_umol_g,phCacl2,phH2o,Carbohydrate_fraction,Protein_fraction,Lignin_fraction,Lipid_fraction,Carbonyl_fraction,Char_fraction,Carbohydrate_mg_g,Protein_mg_g,Lignin_mg_g,Lipid_mg_g,Carbonyl_mg_g,Char_mg_g,Alkyl_fraction,N_Alkyl_Methoxyl_fraction,O_Alkyl_fraction,Di_O_Alkyl_fraction,Aromatic_fraction,Phenolic_fraction,Amide_Carboxyl_fraction,Alkyl_mg_g,N-Alkyl/Methoxyl_mg_g,O-Alkyl_mg_g,Di-O-Alkyl_mg_g,Aromatic_mg_g,Phenolic_mg_g,Amide_Carboxyl_mg_g,MAP_mm,MAT_C,Elevation_m,sandTotal_percent,siltTotal_percent,clayTotal_percent,Potential_Evapotranspiration_mm,Actual_Evapotranspiration_mm,MAP_minus_PET_mm,horizonTopDepth,horizonBottomDepth,soilSeries,soilFamily,bulkDensExclCoarseFrag,pitNamedLocation,dead_root_lessthan_4mm_approx_mg_cm3,live_root_lessthan_4mm_approx_mg_cm3,dead_total_roots_mg_cm3,live_total_roots_mg_cm3,wgt_dead_root_lessthan_4mm_CN_ratio_0_30cm,wgt_live_root_lessthan_4mm_CN_ratio_0_30cm,dead_root_lessthan_4mm_approx_g_m2_0_30cm,live_root_lessthan_4mm_approx_g_m2_0_30cm,dead_total_root_g_m2_0_30cm,live_total_root_g_m2_0_30cm,alMjelm_mg_kg,caMjelm_mg_kg,feMjelm_mg_kg,kMjelm_mg_kg,mgMjelm_mg_kg,mnMjelm_mg_kg,naMjelm_mg_kg,pMjelm_mg_kg,siMjelm_mg_kg,srMjelm_mg_kg,tiMjelm_mg_kg,zrMjelm_mg_kg,bacteria_and_archaea_meanCopyNumber_16S,fungi_meanCopyNumber_ITS,fung_bact_ratio,litter_carbonPercent,litter_nitrogenPercent,litter_CtoN,litter_ligninPercent,foliage_carbonPercent,foliage_nitrogenPercent,foliage_CtoN,foliage_ligninPercent,RC1,RC2,RC3
ABBY,45.76,-122.33,Inceptisols,Humudepts,Evergreen Forest,1,0,0,A,127.5,5.8,128,22.07,512.82,21.33,40.45,7.25,15,7.85,0.35,0.04,8.728179551,1.646090535,10.37427009,4.7,5.5,0.205,0.047,0.308,0.127,0.077,0.235,26.22,6.02,39.47,16.26,9.91,30.13,0.145,0.063,0.225,0.08,0.272,0.094,0.122,18.52,8,28.74,10.2,34.84,12.09,15.62,2450.59,10,363,26.8,35.8,37.4,1046,568,1404.59,3,19,Kinney,Fine-lomay - isotic - mesic - Andic Humudepts,0.39,MEGAPT102179,0.046,4.621,0.046,6.002,57.4,43.1,13.653,1386,14,1801,84713,5789,58092,3181,3098,1307,5215,748,170356,84,7283,80,76304,47,0.000653537,NA,NA,NA,NA,NA,NA,NA,NA,1.442215736,-0.540895572,0.32708674
BONA,65.15,-147.5,Gellisols,Histoturbels,Evergreen Forest,1,0,0,Bg/Oajj,49.2,1.9,49,25.79,215.17,7.89,19,13.47,1.61,13.93,0.63,0.13,15.71072319,5.349794239,21.06051743,4.3,5.1,0.201,0.075,0.16,0.427,0.038,0.099,9.86,3.67,7.82,20.94,1.87,4.83,0.366,0.059,0.228,0.06,0.141,0.047,0.098,17.93,2.91,11.19,2.93,6.93,2.3,4.82,262,-3,263,25.7,63,11.3,660,356,-398,22,38,Saulich,Coarse-silty - mixed - superactive - subgelic Typic Histoturbels,0.87,MEGAPT112075,0.089,1.965,0.089,2.418,30,34,26.763,590,27,725,45376,7751,34595,9525,7391,301,8491,516,220248,100,3982,49,NA,NA,NA,50.6623241,0.948546865,63.79475327,25.32519361,NA,NA,NA,NA,-0.241857874,0.425197551,-2.194970338
CLBJ,33.4,-97.57,Alfisols,Paleustalfs,Deciduous Forest,1,0,0,A,4.9,0.7,5,7.14,22.86,2.88,1.89,0.69,0.38,0.81,0.63,0.21,15.71072319,8.641975309,24.3526985,4.8,5.6,0.218,0.392,0.031,0.175,0.001,0.183,1.09,1.96,0.15,0.87,0.01,0.91,0.276,0.075,0.217,0.056,0.177,0.066,0.133,1.38,0.37,1.08,0.28,0.89,0.33,0.66,925.61,17.5,259,55.5,34.4,10.1,1701,632,-775.39,0,21,Windthorst,Fine - mixed - active - thermic Udic Paleustalfs,1.59,MEGAPT100966,0.03,1.51,0.174,2.856,46.8,45,9.067,453,52,857,22077,831,5941,8871,1672,98,2100,47,412640,32,2448,166,37622,35,0.000956184,47.974,1.061,46.597,20.479,41.50285714,1.287142857,34.11399595,7.08,-2.609167499,0.085087555,0.22421194
CPER,40.81,-104.74,Mollisols,Argiustolls,Grassland/Herbaceous,0,1,1,A,8.4,1,8,8,233.72,19.75,4.73,0.22,0.34,0.23,2.09,0.18,52.11970075,7.407407407,59.52710816,7.3,7.8,0.217,0.263,0.192,0.147,0.043,0.137,1.74,2.11,1.54,1.18,0.34,1.09,0.225,0.097,0.231,0.056,0.187,0.063,0.142,1.8,0.77,1.85,0.45,1.49,0.5,1.13,344.24,8.6,1648,71.5,16.6,11.9,1838,236,-1493.76,0,10,Ascalon,Fine-loamy - mixed - superactive - mesic Aridic Argiustolls,1.54,MEGAPT100967,0,1.138,0,1.138,NA,31.3,0,341,0,341,41027,5279,13362,22165,2597,430,6223,458,347470,150,2333,95,24439,23,0.000930956,NA,NA,NA,NA,NA,NA,NA,NA,-0.567858672,0.370258398,0.325579728
DCFS,47.16,-99.11,Mollisols,Haplustolls,Grassland/Herbaceous,0,1,0,A1,70.9,5.9,70,11.86,399.6,32.36,5.81,1.31,1.08,1.55,5.03,0.85,125.436409,34.97942387,160.4158328,6.3,7,0.249,0.252,0.189,0.105,0.062,0.143,17.44,17.67,13.2,7.35,4.36,9.98,0.189,0.091,0.252,0.064,0.187,0.063,0.155,13.2,6.36,17.66,4.47,13.08,4.38,10.85,489.74,4.9,559,29.3,38.4,32.3,1187,494,-697.26,0,8,Max,Fine-loamy - mixed - superactive - frigid Typic Haplustolls,0.74,MEGAPT100968,0,1.667,0,1.775,NA,44.7,0,500,0,533,49597,10920,23372,14974,5970,940,7798,846,270561,129,2755,104,66773,36,0.000581378,NA,NA,NA,NA,44.60775,1.42725,32.15673885,4.876,-0.1837461,0.539458332,0.88562911
DSNY,28.13,-81.43,Spodosols,Alaquods,Grassland/Herbaceous,0,0,1,Ap,22.9,1.4,22,15.71,204.48,9.61,0.12,0.08,0.77,0.07,0.61,0.05,15.21197007,2.057613169,17.26958324,4.9,5.9,0.214,0.146,0.203,0.136,0.086,0.214,4.72,3.22,4.47,2.99,1.89,4.7,0.176,0.069,0.226,0.062,0.234,0.078,0.155,3.87,1.52,4.97,1.36,5.15,1.72,3.4,1216.09,22.5,15,94,5.3,0.7,1643,727,-426.91,0,9,Smyrna,Sandy - siliceous - hyperthermic Aeric Alaquods,1.23,MEGAPT100970,0,1.315,0,1.315,NA,52.6,0,394,0,394,4057,760,1248,199,217,17,26,181,398003,0,2937,43,28173,67,0.001928333,NA,NA,NA,NA,46.87045455,0.958636364,51.53324343,10.37909091,0.691733921,-0.482947104,0.64924328
GRSM,35.69,-83.5,Inceptisols,Humudepts,Mixed Forest,1,0,0,A1,19,1.3,19,14.62,427.89,22.23,11.34,3.38,5.13,3.97,0.48,0.07,11.97007481,2.880658436,14.85073325,4.7,5.2,0.215,0.162,0.197,0.214,0.063,0.149,4.08,3.08,3.75,4.06,1.2,2.83,0.24,0.073,0.231,0.061,0.189,0.067,0.138,4.56,1.38,4.39,1.16,3.59,1.28,2.63,1375.31,13.1,579,53.1,29.9,17,1368,787,7.31,0,21,Spivey,Loamy-skeletal - isotic - mesic Typic Humudepts,0.73,MEGAPT100971,1.848,3.327,3.199,11.235,39.6,41.1,554.32,998,960,3370,66549,417,28349,20395,3789,483,8244,521,315894,60,4709,152,20753,33,0.001021982,NA,NA,NA,NA,NA,NA,NA,NA,0.157986616,0.130920091,-0.173641256
GUAN,17.97,-66.87,Aridosols,Haplocalcids,Evergreen Forest,1,0,0,A,129.2,5.8,55,9.48,192.98,18.01,2.81,0.44,1.15,0.49,11.03,0.61,275.0623441,25.10288066,300.1652248,7.6,7.9,0.167,0.291,0.186,0.169,0.074,0.114,9.16,16,10.21,9.29,4.04,6.28,0.25,0.098,0.189,0.05,0.171,0.061,0.18,13.77,5.4,10.42,2.77,9.38,3.36,9.9,840,23,143,7.7,57.4,34.9,2020,1589,-1180,0,30,Altamira,Coarse-loamy - carbonatic - isohyperthermic Typic Haplocalcids,0.94,MEGAPT100972,0.09,2.588,0.306,5.155,48.5,32.8,27.073,776,92,1546,26009,237292,15917,3859,6370,114,729,420,79479,257,1371,19,32263,5,0.000289308,45.238,1.231,39.073,21.405,NA,NA,NA,NA,-0.183419879,-0.167365221,0.347154693
HARV,42.54,-72.18,Inceptisols,Dystrudepts,Deciduous Forest,1,0,0,A,96.7,7.1,96,13.52,352.44,19.99,9.91,5.42,4.33,5.99,0.12,0.05,2.992518703,2.057613169,5.050131872,3.8,4.6,0.237,0.177,0.157,0.26,0.059,0.111,22.71,16.97,15.07,24.98,5.64,10.62,0.276,0.072,0.247,0.062,0.152,0.053,0.137,26.48,6.94,23.76,5.95,14.61,5.08,13.19,1199.61,7.4,351,58.8,29.5,11.7,1119,679,80.61,4,9,Henniker - taxadjunct,Coarse-loamy over sandy or sandy-skeletal - mixed - semiactive - frigid Oxyaquic Dystrudepts,0.48,MEGAPT100973,0,3.734,0,4.08,NA,42.6,0,1120,0,1224,54355,8518,23199,13648,3853,585,12422,1540,264102,194,4717,64,63763,124,0.003684314,51.53239705,0.775210791,71.01796931,26.80749585,NA,NA,NA,NA,-0.190638106,0.603355734,-0.461324552
HEAL,63.88,-149.22,Gellisols,Histoturbels,Dwarf Scrub,0,0,0,A/Cjj,95.6,3.7,96,25.95,359.53,12.67,9.26,8.42,1.83,8.98,0.7,0.22,17.4563591,9.053497942,26.50985704,4,5,0.207,0.05,0.21,0.419,0.037,0.078,19.85,4.78,20.15,40.19,3.52,7.51,0.356,0.06,0.237,0.066,0.139,0.053,0.09,34.15,5.74,22.72,6.29,13.38,5.04,8.68,385.3,-1.3,705,35.1,51.5,13.4,612,378,-226.7,31,50,No series matches description,Coarse-silty - mixed - superactive - subgelic Typic Histoturbels,1.4,MEGAPT100974,0.057,12.639,0.759,14.07,88.5,57.8,17.15,3792,228,4221,61475,7386,26790,14707,6091,254,9231,249,236770,117,4611,88,102032,56,0.00061275,NA,NA,NA,NA,NA,NA,NA,NA,0.090290256,0.714857075,-2.25754531
JERC,31.2,-84.47,Ultisols,Kandiudults,Mixed Forest,1,0,1,A,13.9,0.7,14,20,170.6,6.06,1.71,0.33,0.47,0.33,0.18,0.03,4.488778055,1.234567901,5.723345956,4.7,5.7,0.187,0.111,0.208,0.162,0.052,0.279,2.62,1.55,2.92,2.27,0.73,3.9,0.185,0.054,0.206,0.065,0.278,0.097,0.115,2.59,0.75,2.88,0.91,3.9,1.36,1.61,1307.97,19.2,44,86.2,12,1.8,1663,698,-355.03,0,8,Lucy,Loamy - kaolinitic - thermic Arenic Kandiudults,1.42,MEGAPT100975,0,0.702,0,0.802,NA,67.4,0,211,0,241,8393,470,2964,542,327,295,110,128,372788,0,2424,55,32858,50,0.001327659,50.23066088,0.590869003,106.5042424,23.51678283,44.72333333,1.458333333,36.50747377,10.76833333,0.243957604,-1.033144467,0.081435329
JORN,32.59,-106.84,Aridosols,Petrocalcids,Shrub/Scrub,0,1,0,A,2.3,0.1,2,20,34.41,5.03,4.19,0.13,0.41,0.15,1.54,0.1,38.40399002,4.115226337,42.51921636,7.5,8.1,0.193,0.456,0.06,0.085,0.022,0.184,0.39,0.91,0.12,0.17,0.04,0.37,0.234,0.107,0.197,0.04,0.193,0.061,0.168,0.47,0.21,0.39,0.08,0.39,0.12,0.34,271.23,15.7,1329,86.7,6.2,7.1,2341,100,-2069.77,0,18,Nations,Coarse-loamy - mixed - superactive - thermic Typic Petrocalcids,1.42,MEGAPT100976,0,0.587,0,0.587,NA,39.7,0,176,0,176,35970,4610,12115,18481,2211,212,8240,110,373658,120,1799,66,19332,10,0.000447811,NA,NA,NA,NA,45.38230769,1.458461538,35.44077194,6.674230769,-2.300761893,-0.250278904,1.102966196
KONZ,39.1,-96.56,Mollisols,Argiustolls,Grassland/Herbaceous,0,1,1,A,42.9,4.8,43,8.96,332.22,24.56,6.01,2.41,1.12,2.75,3.65,0.62,91.02244389,25.51440329,116.5368472,5.9,6.7,0.246,0.23,0.159,0.097,0.064,0.203,10.58,9.91,6.83,4.17,2.76,8.75,0.172,0.081,0.246,0.062,0.219,0.069,0.151,7.39,3.47,10.6,2.66,9.43,2.95,6.51,870.38,12.4,381,5.3,61.9,32.8,1524,602,-653.62,0,10,Konza,Fine - smectitic - mesic Pachic Udertic Argiustolls,0.68,MEGAPT100978,0.001,3.461,0.001,3.697,70.4,74.8,0.4,1038,0,1109,55826,6476,22298,17858,5182,474,7674,530,306994,124,4006,212,50449,16,0.000389435,46.904,0.93,52.137,16.251,45.56736842,1.511052632,31.41627659,6.503421053,-0.208775796,0.011540245,1.018523858
LAJA,18.02,-67.08,Vertisols,Haplusterts,Grassland/Herbaceous,0,1,0,Ap,29.2,3,29,9.67,150.63,14.38,21.45,4.58,1.45,5.32,5.86,2.24,146.1346633,92.18106996,238.3157333,7.4,8,0.193,0.258,0.164,0.11,0.046,0.229,5.6,7.49,4.75,3.19,1.33,6.64,0.192,0.09,0.205,0.057,0.242,0.072,0.143,5.57,2.61,5.94,1.64,7.02,2.08,4.14,830,25,24,18.7,26,55.3,1935,1069,-1105,0,27,Cartagena,Fine - mixed - superactive - isohyperthermic Sodic Haplusterts,1.07,MEGAPT100979,0.114,0.603,0.114,0.603,31.8,34.8,34.247,181,34,181,78691,11660,68831,7053,13222,1351,11521,1255,240270,237,8620,97,34114,10,0.000356573,NA,NA,NA,NA,NA,NA,NA,NA,-0.617008383,-0.606644253,0.696960295
LENO,31.85,-88.16,Inceptisols,Epiaquepts,Deciduous Forest,1,0,0,A,64.3,3.4,64,18.82,382.68,19.3,7.08,4.39,0.78,4.87,3.59,0.39,89.52618454,16.04938272,105.5755673,5.4,5.8,0.256,0.157,0.317,0.088,0.069,0.113,16.39,10.06,20.29,5.61,4.4,7.25,0.156,0.077,0.267,0.083,0.194,0.087,0.138,9.95,4.9,17.06,5.29,12.42,5.57,8.81,1386.24,18.1,20,46.4,32.8,20.8,1536,824,-149.76,2,8,Urbo,Fine - mixed - active - acid - thermic Vertic Epiaquepts,1.21,MEGAPT100980,0.139,2.003,0.139,6.6,56,61.1,41.69,601,42,1980,31126,3947,14719,8940,2552,676,2140,546,257685,59,3563,121,24266,111,0.006017104,48.68932411,1.124215885,45.0402212,31.14676941,NA,NA,NA,NA,0.949275765,0.957682456,0.730925984
MLBS,37.38,-80.52,Entisols,Fluvaquents,Deciduous Forest,1,0,0,A,32.7,1.8,33,18.33,289.48,9.08,0.72,0.6,2.23,0.7,0.11,0.01,2.743142145,0.411522634,3.154664778,3.6,4.3,0.093,0.05,0.1,0.325,0.053,0.379,3.06,1.65,3.32,10.72,1.74,12.51,0.274,0.046,0.127,0.048,0.32,0.079,0.108,9.03,1.52,4.18,1.57,10.56,2.59,3.55,1227.82,8.8,1126,78.8,14.6,6.6,1348,674,-120.18,11,44,No series matches description,Coarse-loamy - siliceous - semiactive - frigid Fluvaquents,1.23,MEGAPT100982,0.214,1.339,0.222,5.147,49,51.2,64.233,402,67,1544,10660,264,1729,1740,532,13,251,283,378511,15,2031,127,23916,189,0.007393303,51.56348035,1.313034516,40.07505753,30.5944976,NA,NA,NA,NA,-0.13638374,-2.911273546,-1.23445201
MOAB,38.25,-109.39,Aridosols,Haplocalcids,Shrub/Scrub,0,1,0,A,6.4,0.4,6,15,135.84,13.32,3.63,0.14,0.34,0.14,1.12,0.21,27.93017456,8.641975309,36.57214987,6.5,6.7,0.216,0.306,0.147,0.203,0.037,0.092,1.29,1.83,0.88,1.22,0.22,0.55,0.277,0.1,0.229,0.051,0.146,0.05,0.147,1.66,0.6,1.38,0.31,0.87,0.3,0.88,319.46,10.1,1767,73,19.7,7.3,1976,171,-1656.54,0,6,Mivida,Coarse-loamy - mixed - superactive - mesic Ustic Haplocalcids,1.52,MEGAPT100983,0.191,1.375,0.191,1.375,30.7,28.1,57.213,412,57,412,31907,2404,9436,19092,3506,292,2816,275,359459,64,1835,116,49633,19,0.000301571,NA,NA,NA,NA,44.06409091,1.671818182,27.23852579,3.482272727,-1.091678356,0.665652795,-0.063872824
NIWO,40.05,-105.58,Mollisols,Haplocryolls,Grassland/Herbaceous,0,0,0,A1,61.1,5.1,61,11.96,283.42,19.64,9.47,3.08,2.31,3.63,0.96,0.08,23.94014963,3.29218107,27.2323307,4.3,5.2,0.229,0.216,0.128,0.3,0.049,0.078,13.99,13.17,7.79,18.27,3.02,4.75,0.317,0.073,0.241,0.06,0.123,0.046,0.139,19.31,4.46,14.72,3.67,7.53,2.83,8.48,1004.54,0.3,3513,49.3,38,12.7,1696,332,-691.46,0,14,No series matches description,Coarse-loamy - mixed - superactive Typic Haplocryolls,1.02,MEGAPT100984,0.127,6.582,0.17,7.5,35.9,26.9,38,1975,51,2250,62805,5189,24809,25155,5230,413,10962,764,252617,206,3191,48,11938,16,0.004663495,NA,NA,NA,NA,47.96666667,2.153333333,22.30863411,10.64333333,-0.681698018,0.784314762,-0.803306821
ONAQ,40.18,-112.45,Aridosols,Haplocalcids,Shrub/Scrub,0,1,0,A1,24.6,1.5,15,10,128.45,12.48,3.5,0.31,0.65,0.3,5.33,0.17,132.9177057,6.995884774,139.9135905,7.7,8.1,0.219,0.303,0.155,0.196,0.024,0.103,3.28,4.54,2.33,2.94,0.37,1.54,0.272,0.099,0.233,0.051,0.155,0.055,0.135,4.08,1.48,3.49,0.77,2.33,0.82,2.02,288.31,9,1685,56.8,34,9.2,1982,201,-1693.69,0,4,Taylorsflat,Fine-loamy - mixed - superactive - mesic Xeric Haplocalcids,1.23,MEGAPT100987,0,1.059,0,1.558,NA,26.8,0,318,0,467,36689,36027,15506,14735,7855,586,5376,1046,319069,192,2436,120,93231,31,0.000316573,NA,NA,NA,NA,NA,NA,NA,NA,-1.262453272,0.704758166,-0.125630408
ORNL,35.58,-84.17,Ultisols,Paleudults,Mixed Forest,1,0,0,A,37.7,2.3,38,16.52,357.46,16.39,9.62,0.96,1.67,1.06,0.79,0.08,19.70074813,3.29218107,22.9929292,4.8,5.9,0.234,0.076,0.311,0.163,0.051,0.164,8.9,2.9,11.8,6.21,1.95,6.24,0.183,0.07,0.252,0.081,0.225,0.085,0.104,6.94,2.65,9.59,3.06,8.57,3.23,3.95,1340.32,14.4,334,29.2,56.3,14.5,1430,789,-89.68,1,10,Fullerton,Fine - kaolinitic - thermic Typic Paleudults,0.75,MEGAPT100988,0.169,1.969,0.182,4.76,54.1,51.2,50.82,591,55,1428,21584,1199,11332,3866,1023,1133,502,150,306169,23,5018,213,43743,30,0.000889291,49.78795994,0.840572078,60.15499562,27.28541189,45.49,2.86,15.90559441,8.31,0.876211812,0.440183035,-0.132435659
OSBS,29.69,-81.99,Entisols,Quartzipsamments,Deciduous Forest,1,0,1,A,5.1,0.1,5,50,11.8,1.34,0.72,0.16,0.31,0.16,0.01,0.01,0.249376559,0.411522634,0.660899192,4.6,5.6,0.142,0.355,0,0.175,0,0.328,0.71,1.77,0,0.87,0,1.64,0.274,0.051,0.159,0.059,0.283,0.083,0.091,1.37,0.26,0.8,0.3,1.41,0.41,0.46,1302.09,20.9,45,97,2,1,1710,843,-407.91,0,7,Astatula,Hyperthermic - uncoated Typic Quartzipsamments,1.39,MEGAPT100989,0,1.454,0,1.454,NA,68.7,0,436,0,436,4034,149,1424,135,86,39,182,60,407310,3,934,19,30384,26,0.001043331,NA,NA,NA,NA,NA,NA,NA,NA,-2.644521641,-1.803592216,0.15228425
RMNP,40.28,-105.55,Mollisols,Haplocryolls,Evergreen Forest,1,0,0,A,191.5,9.5,192,20.21,500.13,21,5.48,1.44,1,1.63,4.36,0.48,108.7281796,19.75308642,128.481266,5.1,6,0.233,0.065,0.325,0.151,0.063,0.163,44.83,12.51,62.33,28.98,12.05,31.31,0.171,0.069,0.252,0.081,0.228,0.087,0.112,32.81,13.19,48.4,15.65,43.69,16.76,21.5,730.59,2.9,2743,67.6,20.5,11.9,1647,319,-916.41,0,10,No series matches description,Loamy-skeletal - mixed - superactive Ustic Haplocryolls,0.47,MEGAPT100990,0.063,0.828,0.066,1.465,65.5,44.5,18.863,249,20,439,55711,7487,13234,31448,3015,455,11698,668,259164,107,2033,94,53574,57,0.001032135,NA,NA,NA,NA,NA,NA,NA,NA,1.2033249,0.384653251,0.026209356
SCBI,38.89,-78.14,Alfisols,Hapludalfs,Deciduous Forest,1,0,0,A,60.5,3.7,60,16.22,351.82,22.8,48.85,2.32,1.49,2.61,4.15,0.41,103.4912718,16.87242798,120.3636998,6.8,7.4,0.267,0.202,0.284,0.077,0.061,0.109,15.99,12.12,17.05,4.64,3.67,6.52,0.16,0.087,0.273,0.077,0.185,0.077,0.141,9.59,5.23,16.37,4.64,11.12,4.6,8.44,1125.5,11.6,361,16.4,51.5,32.1,1362,750,-236.5,2,7,Lew,Loamy-skeletal - mixed - active - mesic Ultic Hapludalfs,0.69,MEGAPT100991,0,0.477,0,2.517,NA,40.3,0,143,0,755,63592,12452,111888,4308,2821,1960,891,1166,208280,157,21375,195,30907,11,0.001429514,50.162,0.894,57.736,21.147,46.33,0.96,48.27889311,13.64,0.479920701,1.10879624,0.88687074
SJER,37.11,-119.73,Mollisols,Haploxerolls,Grassland/Herbaceous,0,1,1,A1,12.4,1.1,12,10.91,217.6,15.28,2.9,0.54,0.72,0.54,0.8,0.07,19.95012469,2.880658436,22.83078312,5.2,5.4,0.221,0.185,0.224,0.171,0.039,0.161,2.65,2.22,2.69,2.05,0.46,1.93,0.218,0.083,0.236,0.068,0.207,0.07,0.119,2.62,1,2.83,0.81,2.48,0.84,1.42,539.62,16.4,368,78.8,16.2,5,1908,340,-1368.38,0,8,No series matches description,Mixed - thermic Psammentic Haploxerolls,1.41,MEGAPT100994,0.039,0.779,0.039,0.779,74.3,23.4,11.833,234,12,234,58583,12396,11578,11458,2578,268,23442,338,269748,302,1491,24,69869,59,0.000865489,47.68423754,1.011398971,50.29324424,12.58791372,41.86571429,2.098333333,21.04146854,3.604761905,-0.189857638,0.293163458,-0.030288131
SOAP,37.03,-119.26,Alfisols,Haploxeralfs,Evergreen Forest,1,0,0,A1,70.8,2.7,71,26.3,342.4,10.49,8.9,2.42,4.31,2.56,2.47,0.21,61.59600998,8.641975309,70.23798528,5.1,6,0.176,0.07,0.332,0.141,0.052,0.228,12.53,4.98,23.58,9.99,3.72,16.21,0.166,0.072,0.207,0.072,0.277,0.101,0.106,11.78,5.1,14.71,5.08,19.68,7.14,7.5,900.35,13.4,1160,56.5,30.1,13.4,1788,464,-887.65,4,18,Holland,Fine-loamy - mixed - semiactive - mesic Ultic Haploxeralfs,0.73,MEGAPT111415,0.107,1.801,2.884,8.688,183,56.1,32.233,540,865,2607,77018,10215,33624,18461,7789,1012,7635,949,257436,138,4315,31,31844,163,0.004314322,49.37927152,0.782220294,75.64202827,NA,46.59142857,1.406428571,37.43885129,14.49,1.027359278,-0.602376229,-0.073968602
TALL,32.95,-87.39,Ultisols,Hapludults,Evergreen Forest,1,0,1,A1,23.6,1.3,24,18.46,423.46,12.12,4.28,0.44,0.46,0.5,0.19,0.01,4.738154613,0.411522634,5.149677247,4,5,0.164,0.054,0.277,0.232,0.045,0.227,3.94,1.3,6.65,5.58,1.09,5.44,0.224,0.064,0.196,0.07,0.261,0.088,0.097,5.37,1.55,4.71,1.68,6.26,2.1,2.33,1382.68,17.2,135,90.7,6.3,3,1547,971,-164.32,0,10,Smithdale,Fine-loamy - siliceous - subactive - thermic Typic Hapludults,1.17,MEGAPT100998,0.063,0.882,0.227,2.033,54.9,57.8,18.957,265,68,610,9267,316,6565,488,263,88,147,71,355329,11,1799,67,44068,46,0.000927145,51.06497085,0.429769017,160.5552258,27.14785866,NA,NA,NA,NA,0.643911163,-0.76224768,-0.810521939
TEAK,37.01,-119.01,Inceptisols,Humixerepts,Evergreen Forest,1,0,0,A1,57.56,2.3,57.6,25.04,312.19,11.38,4.03,1.94,5.3,2.18,0.4,0.02,9.975062344,0.823045267,10.79810761,4.8,5.7,0.098,0,0.287,0.192,0.093,0.33,5.66,0,16.53,11.04,5.35,19.02,0.175,0.053,0.141,0.058,0.333,0.109,0.132,10.08,3.05,8.13,3.32,19.16,6.26,7.59,1222.5,8,2147,79.7,17.6,2.7,1780,426,-557.5,0,19,Deadman,Coarse-loamy - mixed - superactive - frigid Pachic Humixerepts,1.03,MEGAPT112298,0.115,0.972,0.124,4.452,49.4,50.8,34.5,292,37,1336,51148.2,18143.2,24753.6,17581.8,4097.4,629,15324.2,643,238027,200,2604,33,NA,NA,NA,NA,NA,NA,NA,NA,NA,NA,NA,1.752135256,-2.475513993,-0.242022591
TOOL,68.66,-149.37,Gellisols,Histoturbels,Dwarf Scrub,0,0,0,Bg,15.2,0.7,15,21.43,202.98,5.9,11.5,5.51,0.97,5.76,0.06,0.04,1.496259352,1.646090535,3.142349887,4,4.8,0.131,0.043,0.15,0.591,0.022,0.063,1.97,0.64,2.25,8.87,0.34,0.94,0.477,0.057,0.181,0.048,0.115,0.039,0.082,7.16,0.86,2.71,0.72,1.73,0.58,1.23,316,-9,745,45.1,36.9,18,363,263,-47,21,45,No series matches description,Loamy-skeletal - mixed - superactive - acid - pergelic Typic Histoturbels,1.23,NA,NA,1,NA,NA,NA,33.8,NA,300,NA,NA,33466,778,18899,5625,2430,82,3540,403,313761,41,3385,83,112472,38,0.000341276,NA,NA,NA,NA,50.55805556,2.056388889,24.90560474,11.00083333,-0.542434142,0.034668151,-3.831641038
UKFS,39.04,-95.2,Mollisols,Argiudolls,Deciduous Forest,1,0,0,A1,72.8,8.2,70,8.54,376.41,27.72,12.1,4.47,1.43,5.26,9.58,0.33,238.9027431,13.58024691,252.4829901,7.4,7.9,0.205,0.204,0.241,0.109,0.066,0.175,14.34,14.28,16.9,7.61,4.6,12.27,0.18,0.087,0.22,0.067,0.222,0.076,0.148,12.57,6.1,15.41,4.66,15.54,5.32,10.39,990.63,12.7,335,8.2,60.9,30.9,1537,883,-546.37,0,13,Rosendale - taxadjunct,Fine - smectitic - mesic Pachic Argiudolls,1.12,MEGAPT101000,0.167,1.629,0.244,4.572,29.1,40.9,50.06,489,73,1372,59839,17619,31205,18965,6084,1039,5492,865,261646,131,4023,160,30288,19,0.000520735,46.30282733,1.122608231,42.94967251,22.23659322,44.57,1.16,38.42241379,5.85,0.322523932,-0.106130127,0.663118826
UNDE,46.14,-89.32,Spodosols,Fragiaquods,Mixed Forest,1,0,0,A,39.9,2.4,40,16.67,334.72,17.88,7.76,3.23,3.1,3.84,0.87,0.12,21.6957606,4.938271605,26.6340322,4.8,5.9,0.28,0.167,0.256,0.139,0.068,0.091,11.2,6.66,10.23,5.55,2.72,3.64,0.191,0.07,0.282,0.085,0.161,0.072,0.139,7.64,2.8,11.28,3.42,6.45,2.86,5.56,802.3,4.3,518,62.3,32,5.7,1053,662,-250.7,0,8,Tula,Coarse-loamy - mixed - superactive - frigid Argic Fragiaquods,1.06,MEGAPT101001,0.358,0.606,0.869,1.2,59.6,40.9,107.483,182,261,360,34820,5298,19372,14452,3527,320,7680,403,335267,73,3817,188,79279,50,0.000648368,49.59244524,0.82377263,63.26510918,23.46265863,NA,NA,NA,NA,0.56548006,1.284869554,0.472848039
WOOD,47.13,-99.24,Mollisols,Haplustolls,Grassland/Herbaceous,0,1,1,Ap,25.6,2.2,24,10.91,284.99,28.16,6.79,1.43,0.92,1.68,2.91,0.51,72.56857855,20.98765432,93.55623287,7.1,7.8,0.223,0.308,0.093,0.099,0.075,0.202,5.35,7.39,2.22,2.38,1.8,4.85,0.194,0.087,0.221,0.055,0.205,0.057,0.181,4.66,2.09,5.3,1.32,4.91,1.37,4.35,493.76,4.9,579,59.3,24.3,16.4,1230,438,-736.24,6,16,Manning,Coarse-loamy over sandy or sandy-skeletal - mixed - superactive - frigid Typic Haplustolls,1.15,MEGAPT101002,0,1.928,0,2.928,NA,34.1,0,578,0,878,47624,12550,21886,13997,5649,1661,12157,569,316081,184,2147,94,47563,11,0.000274358,NA,NA,NA,NA,39.955,1.36,31.76132745,4.11365,-0.649117878,-0.365908561,1.266195901
WREF,45.82,-121.96,Andisols,Hapludands,Evergreen Forest,1,0,0,Ac,15.2,1.12,15,13.39,84.6,4.39,16.55,4.47,9.98,4.89,0.06,0.02,1.496259352,0.823045267,2.319304619,4.74,5.32,0.231,0,0.319,0.211,0.078,0.16,3.47,0,4.79,3.17,1.18,2.4,0.193,0.053,0.251,0.085,0.219,0.086,0.113,2.89,0.79,3.77,1.27,3.29,1.29,1.69,2225.01,9.2,407,45.7,39.5,14.8,1030,630,1195.01,9,50,No series matches description,Medial - amorphic - mesic Typic Hapludands,0.8,MEGAPT112745,0.102,11.348,0.7,16.16,101,69.1,30.5,3405,210,4848,91764.6,15208.8,46446.6,9340.6,7826.2,561.8,19273.6,899.6,237657,296,6287,111,NA,NA,NA,53.502,0.477,115.631,32.665,NA,NA,NA,NA,1.652139154,0.274295023,-0.406879299
calz,34.6,-81.68,Ultisols,Kanhapludults,Evergreen Forest,1,0,0,NA,14.9,0.8,15,18.75,74.68,4.68,3.95,0.74,0.71,0.91,0.41,0.09,10.2244389,3.703703704,13.92814261,5.86,6.12,0.231,0.195,0.152,0.235,0.032,0.155,3.46,2.93,2.27,3.52,0.48,2.33,0.263,0.066,0.241,0.064,0.182,0.068,0.116,3.95,0.99,3.62,0.96,2.73,1.01,1.74,1250,16,150,58.3,31.4,10.3,1475,737,-225,2,12,NA,NA,NA,NA,NA,NA,NA,NA,NA,NA,NA,NA,NA,NA,NA,NA,NA,NA,NA,NA,NA,NA,NA,NA,NA,NA,NA,NA,NA,NA,NA,NA,NA,NA,NA,NA,NA,-0.741291972,0.377577089,-0.447329154
carr,42.04,-93.6,Mollisols,Hapludolls,Deciduous Forest,1,0,0,NA,26.4,2.5,26,10.4,323.34,27.91,4.84,1.58,0.61,2,4.74,0.55,118.2044888,22.63374486,140.8382336,6.88,7,0.187,0.269,0.189,0.096,0.065,0.195,4.85,6.99,4.9,2.49,1.7,5.06,0.188,0.09,0.2,0.059,0.224,0.075,0.164,4.88,2.33,5.21,1.54,5.84,1.94,4.27,880,9,260,27.6,48.8,23.6,1349,506,-469,2,12,NA,NA,NA,NA,NA,NA,NA,NA,NA,NA,NA,NA,NA,NA,NA,NA,NA,NA,NA,NA,NA,NA,NA,NA,NA,NA,NA,NA,NA,NA,NA,NA,NA,NA,NA,NA,NA,-0.198082588,-0.495129587,0.910177429
bayo,38.03,-122.72,Inceptisols,Dystroxerepts,Mixed Forest,1,0,0,NA,90.7,6.3,91,14.44,337.44,20.44,17.17,1.99,2.1,2.33,6.76,1.17,168.5785536,48.14814815,216.7267018,6.31,6.49,0.209,0.189,0.271,0.101,0.068,0.162,19.02,17.18,24.7,9.21,6.18,14.71,0.172,0.073,0.224,0.078,0.217,0.089,0.146,15.69,6.68,20.36,7.09,19.75,8.12,13.31,1220,15,100,25.6,40.6,33.8,1524,771,-304,0,10,NA,NA,NA,NA,NA,NA,NA,NA,NA,NA,NA,NA,NA,NA,NA,NA,NA,NA,NA,NA,NA,NA,NA,NA,NA,NA,NA,NA,NA,NA,NA,NA,NA,NA,NA,NA,NA,0.568680402,0.059060968,0.672674283
vanc,49.05,-125.68,Spodosols,Cryorthods,Evergreen Forest,1,0,0,NA,79.9,3.4,80,23.53,288.07,10.44,23.65,15.06,5.2,17.04,0.97,0.27,24.18952618,11.11111111,35.3006373,4.16,4.3,0.243,0.113,0.266,0.225,0.061,0.092,19.46,9.03,21.32,17.97,4.85,7.37,0.238,0.063,0.259,0.078,0.164,0.076,0.123,19.05,5.01,20.74,6.22,13.09,6.06,9.82,3300,9,10,22.9,43.7,33.5,898,611,2402,5,15,NA,NA,NA,NA,NA,NA,NA,NA,NA,NA,NA,NA,NA,NA,NA,NA,NA,NA,NA,NA,NA,NA,NA,NA,NA,NA,NA,NA,NA,NA,NA,NA,NA,NA,NA,NA,NA,0.651138252,0.93888584,-0.438930712
reac,42.04,-93.66,Alfisols,Hapludalfs,Deciduous Forest,1,0,0,NA,15.2,1.2,15,12.5,229.07,15.19,3.83,0.84,0.49,1.04,1.43,0.17,35.66084788,6.995884774,42.65673265,5.73,5.8,0.235,0.207,0.257,0.127,0.062,0.113,3.52,3.1,3.85,1.9,0.92,1.7,0.196,0.085,0.247,0.072,0.182,0.073,0.144,2.94,1.27,3.71,1.08,2.73,1.1,2.17,880,9,260,50,42.1,7.9,1332,564,-452,2,12,NA,NA,NA,NA,NA,NA,NA,NA,NA,NA,NA,NA,NA,NA,NA,NA,NA,NA,NA,NA,NA,NA,NA,NA,NA,NA,NA,NA,NA,NA,NA,NA,NA,NA,NA,NA,NA,0.313905712,0.703653574,0.4878237
samt,38.03,-122.75,Inceptisols,Dystrustepts,Evergreen Forest,1,0,0,NA,104.1,5.1,104,20.39,405.12,17.79,7,2.55,2.42,3.08,7.21,0.73,179.8004988,30.04115226,209.841651,6.51,6.6,0.204,0.137,0.334,0.134,0.075,0.115,21.21,14.24,34.78,13.98,7.81,11.98,0.185,0.074,0.227,0.081,0.2,0.09,0.142,19.29,7.73,23.66,8.38,20.79,9.4,14.77,1220,15,100,38.9,41.6,19.5,1418,888,-198,10,20,NA,NA,NA,NA,NA,NA,NA,NA,NA,NA,NA,NA,NA,NA,NA,NA,NA,NA,NA,NA,NA,NA,NA,NA,NA,NA,NA,NA,NA,NA,NA,NA,NA,NA,NA,NA,NA,1.184712423,0.388989751,0.25068936
marc,47.5,-93.48,Entisols,Udipsamments,Evergreen Forest,1,0,0,NA,21.3,1.1,21,19.09,219.69,9.61,4.4,1.9,1.26,2.33,0.45,0.02,11.22194514,0.823045267,12.0449904,4.88,5.03,0.165,0.136,0.128,0.162,0.069,0.34,3.46,2.86,2.68,3.39,1.46,7.15,0.185,0.046,0.179,0.055,0.3,0.096,0.138,3.89,0.97,3.77,1.16,6.3,2.01,2.9,785,3,420,65,4,31,1049,550,-264,4,14,NA,NA,NA,NA,NA,NA,NA,NA,NA,NA,NA,NA,NA,NA,NA,NA,NA,NA,NA,NA,NA,NA,NA,NA,NA,NA,NA,NA,NA,NA,NA,NA,NA,NA,NA,NA,NA,0.044443663,-1.917644953,0.391533932
icac,18.28,-65.79,Inceptisols,Dystrudepts,Evergreen Forest,1,0,0,NA,24.8,1.3,25,19.23,270.97,12.97,15.81,4.77,1.42,5.63,0.11,0.06,2.743142145,2.469135802,5.212277947,3.88,4.08,0.232,0.149,0.232,0.273,0.045,0.068,5.81,3.73,5.81,6.83,1.14,1.69,0.284,0.07,0.251,0.073,0.141,0.063,0.118,7.1,1.76,6.27,1.82,3.52,1.57,2.96,4500,22,680,73,7,20,1965,1364,2535,0,10,NA,NA,NA,NA,NA,NA,NA,NA,NA,NA,NA,NA,NA,NA,NA,NA,NA,NA,NA,NA,NA,NA,NA,NA,NA,NA,NA,NA,NA,NA,NA,NA,NA,NA,NA,NA,NA,0.037933781,1.050979343,-0.891824277
elve,18.32,-65.82,Oxisols,Kandiudoxs,Evergreen Forest,1,0,0,NA,34.1,3,34,11.33,424.74,28.5,50.81,5.64,2.95,6.6,0.58,0.31,14.4638404,12.75720165,27.22104205,4.57,4.71,0.344,0.209,0.253,0.078,0.028,0.088,11.69,7.11,8.59,2.66,0.95,3,0.159,0.088,0.333,0.088,0.162,0.063,0.107,5.42,3,11.32,2.98,5.51,2.14,3.64,4200,23,370,11,28,61,2036,1304,2164,0,10,NA,NA,NA,NA,NA,NA,NA,NA,NA,NA,NA,NA,NA,NA,NA,NA,NA,NA,NA,NA,NA,NA,NA,NA,NA,NA,NA,NA,NA,NA,NA,NA,NA,NA,NA,NA,NA,-0.267505932,2.21128713,0.807690908
redb,40.81,-111.77,Alfisols,Haplocryalfs,Evergreen Forest,1,0,0,NA,77.7,5,78,15.6,186.13,12.11,11.27,3.03,2.28,3.65,6.18,0.53,154.1147132,21.81069959,175.9254128,7.22,7.39,0.181,0.203,0.223,0.061,0.086,0.247,14.08,15.82,17.38,4.73,6.7,19.28,0.142,0.066,0.196,0.063,0.264,0.101,0.168,11.11,5.17,15.27,4.89,20.58,7.91,13.08,900,8,2200,29.4,45.8,24.8,1602,765,-702,3,13,NA,NA,NA,NA,NA,NA,NA,NA,NA,NA,NA,NA,NA,NA,NA,NA,NA,NA,NA,NA,NA,NA,NA,NA,NA,NA,NA,NA,NA,NA,NA,NA,NA,NA,NA,NA,NA,0.608978993,-1.023053154,1.242751042